edition,team_id,team,primary_cohort,rho,mu,exposed_players,mean_omega,fouls_all,fouls_knockout,exp_susp_min,exp_susp_per_foul_all,exp_susp_per_foul_knockout
2014,43817,Iran,no,2,1.25,4,0.634259259,49,0,829.722222,16.933107,
2014,43819,Japan,no,2,1.25,4,0.674074074,46,0,970.007407,21.087118,
2014,43822,Korea Republic,no,2,1.25,6,0.937654321,36,0,1935.985185,53.777366,
2014,43843,Algeria,yes,2,1.25,6,0.451709402,69,20,696.430769,10.0932,34.821538
2014,43849,Cameroon,no,2,1.25,5,0.684358312,37,0,808.62913,21.854841,
2014,43854,Côte d'Ivoire,no,2,1.25,6,0.82962963,49,0,1352.044444,27.592744,
2014,43860,Ghana,no,2,1.25,5,0.636296296,43,0,842.955555,19.603618,
2014,43876,Nigeria,yes,2,1.25,3,1,56,15,721,12.875,48.066667
2014,43901,Costa Rica,yes,2,1.25,10,0.705416667,94,35,946.04375,10.064295,27.029821
2014,43909,Honduras,no,2,1.25,6,0.7,46,0,1389.526667,30.207101,
2014,43911,Mexico,yes,2,1.25,5,0.958888889,53,12,1060,20,88.333333
2014,43921,United States,yes,2,1.25,4,0.75,49,11,682.076923,13.919937,62.006993
2014,43922,Argentina,yes,2,1.25,7,0.727191657,77,55,661.206205,8.587094,12.021931
2014,43924,Brazil,yes,2,1.25,11,0.658962925,123,86,1638.992159,13.32514,19.058048
2014,43925,Chile,yes,2,1.25,5,0.672307692,61,23,984.233333,16.134973,42.792754
2014,43926,Colombia,yes,2,1.25,5,0.786888889,90,42,642.792778,7.142142,15.30459
2014,43927,Ecuador,no,2,1.25,5,0.968888889,48,0,1505.848889,31.371852,
2014,43930,Uruguay,yes,2,1.25,8,0.843402778,73,17,1708.372222,23.402359,100.492484
2014,43935,Belgium,yes,2,1.25,7,0.684006294,87,41,1171.293413,13.463143,28.568132
2014,43938,Croatia,no,2,1.25,5,0.650624654,46,0,1053.256993,22.896891,
2014,43942,England,no,2,1.25,4,0.573148148,36,0,649.140741,18.031687,
2014,43946,France,yes,2,1.25,4,0.852777778,61,27,1026.245556,16.823698,38.009095
2014,43948,Germany,yes,2,1.25,4,0.847520977,91,63,498.728757,5.480536,7.916329
2014,43949,Greece,yes,2,1.25,7,0.806451613,60,16,1574.958423,26.249307,98.434901
2014,43954,Italy,no,2,1.25,3,0.724743231,40,0,304.6507,7.616268,
2014,43960,Netherlands,yes,2,1.25,7,0.704057971,127,58,1139.902029,8.975607,19.653483
2014,43963,Portugal,no,2,1.25,3,0.962962963,47,0,795.811111,16.932151,
2014,43965,Russia,no,2,1.25,4,0.771296296,38,0,885.711111,23.308187,
2014,43969,Spain,no,2,1.25,3,0.787654321,28,0,689.148148,24.612434,
2014,43971,Switzerland,yes,2,1.25,3,0.654700855,67,29,501.576923,7.486223,17.295756
2014,43976,Australia,no,2,1.25,4,0.844444445,50,0,848.638889,16.972778,
2014,44037,Bosnia-Herzegovina,no,2,1.25,3,0.765432099,41,0,687.185185,16.760614,
2018,1902465,Serbia,no,2,1.25,7,0.703703704,45,0,1226.774074,27.261646,
2018,43817,Iran,no,2,1.25,7,0.755026455,44,0,1528.811111,34.745707,
2018,43819,Japan,yes,2,1.25,5,0.756111111,37,9,988.955555,26.728529,109.883951
2018,43822,Korea Republic,no,2,1.25,9,0.685596708,63,0,1706.918518,27.093945,
2018,43835,Saudi Arabia,no,2,1.25,1,1,30,0,360,12,
2018,43855,Egypt,no,2,1.25,5,0.806666667,38,0,1085.544444,28.566959,
2018,43872,Morocco,no,2,1.25,7,0.899470899,62,0,1507.748148,24.318519,
2018,43876,Nigeria,no,2,1.25,4,0.957407407,45,0,1061.17037,23.581564,
2018,43879,Senegal,no,2,1.25,5,0.798518519,44,0,1216.37037,27.644781,
2018,43888,Tunisia,no,2,1.25,3,0.628395062,46,0,378.207407,8.2219,
2018,43901,Costa Rica,no,2,1.25,6,0.666666666,43,0,1207.177778,28.073902,
2018,43911,Mexico,yes,2,1.25,7,0.913492064,54,18,1372.733333,25.420988,76.262963
2018,43914,Panama,no,2,1.25,9,0.766666667,49,0,2157.822222,44.037188,
2018,43922,Argentina,yes,2,1.25,8,0.775,55,15,1199.222222,21.80404,79.948148
2018,43924,Brazil,yes,2,1.25,6,0.734259259,50,20,1020.328334,20.406567,51.016417
2018,43926,Colombia,yes,2,1.25,8,0.81675653,63,23,1513.153739,24.018313,65.789293
2018,43929,Peru,no,2,1.25,5,0.521481481,37,0,800.837037,21.644244,
2018,43930,Uruguay,yes,2,1.25,2,0.588888889,63,30,49.877778,0.791711,1.662593
2018,43935,Belgium,yes,2,1.25,8,0.688095238,99,56,1296.410317,13.095054,23.150184
2018,43938,Croatia,yes,2,1.25,12,0.595138889,114,59,1604.052778,14.070638,27.187335
2018,43941,Denmark,yes,2,1.25,4,0.748525641,54,19,812.972693,15.05505,42.788036
2018,43942,England,yes,2,1.25,6,0.741062802,72,39,679.05942,9.431381,17.41178
2018,43946,France,yes,2,1.25,8,0.779761905,93,56,937.952381,10.085509,16.74915
2018,43948,Germany,no,2,1.25,3,0.922222222,29,0,810.866667,27.96092,
2018,43951,Iceland,no,2,1.25,3,0.881481482,35,0,528.088889,15.088254,
2018,43962,Poland,no,2,1.25,3,0.832098766,31,0,869.392593,28.044922,
2018,43963,Portugal,yes,2,1.25,6,0.625,55,13,755.533333,13.73697,58.117949
2018,43965,Russia,yes,2,1.25,6,0.641386555,95,44,812.598109,8.553664,18.468139
2018,43969,Spain,yes,2,1.25,2,1,34,5,573,16.852941,114.6
2018,43970,Sweden,yes,2,1.25,5,0.768666667,65,21,1156.619444,17.794145,55.077116
2018,43971,Switzerland,yes,2,1.25,7,0.749603175,53,13,1405.305556,26.515199,108.100427
2018,43976,Australia,no,2,1.25,7,0.865608466,37,0,1852.422222,50.065465,
2022,1902465,Serbia,no,2,1.25,8,0.6375,27,0,1032.918519,38.256241,
2022,43817,Iran,no,2,1.25,6,0.537962963,26,0,905.821296,34.839281,
2022,43819,Japan,yes,2,1.25,5,0.694871795,36,15,866.197436,24.06104,57.746496
2022,43822,Korea Republic,yes,2,1.25,5,0.662222222,35,8,949.902778,27.140079,118.737847
2022,43834,Qatar,no,2,1.25,7,0.721164021,44,0,1838.174074,41.776683,
2022,43835,Saudi Arabia,no,2,1.25,12,0.63441358,38,0,2312.825,60.863816,
2022,43849,Cameroon,no,2,1.25,6,0.629012346,38,0,941.122222,24.766374,
2022,43860,Ghana,no,2,1.25,7,0.680952381,38,0,1617.248148,42.559162,
2022,43872,Morocco,yes,2,1.25,8,0.610027911,81,47,622.818102,7.689112,13.251449
2022,43879,Senegal,yes,2,1.25,6,0.806018519,58,16,1339.022222,23.08659,83.688889
2022,43888,Tunisia,no,2,1.25,5,0.454814815,28,0,688.177778,24.577778,
2022,43899,Canada,no,2,1.25,8,0.793981482,37,0,1836.807407,49.643443,
2022,43901,Costa Rica,no,2,1.25,5,0.879259259,37,0,1224.325926,33.08989,
2022,43911,Mexico,no,2,1.25,7,0.496296296,49,0,1194.151852,24.370446,
2022,43921,United States,yes,2,1.25,5,0.746666667,39,9,1376.408334,35.292521,152.934259
2022,43922,Argentina,yes,2,1.25,10,0.626717391,113,69,486.405326,4.304472,7.049353
2022,43924,Brazil,yes,2,1.25,6,0.63375,74,34,398.41875,5.384037,11.718199
2022,43927,Ecuador,no,2,1.25,2,1,37,0,690.5,18.662162,
2022,43930,Uruguay,no,2,1.25,8,0.730092593,36,0,1505.962963,41.832305,
2022,43935,Belgium,no,2,1.25,4,0.6,35,0,797.355556,22.781587,
2022,43938,Croatia,yes,2,1.25,7,0.722567288,90,61,785.791304,8.731014,12.881825
2022,43941,Denmark,no,2,1.25,5,0.513333333,22,0,942.307407,42.832155,
2022,43942,England,yes,2,1.25,1,0.955555556,65,25,0,0,0
2022,43946,France,yes,2,1.25,8,0.703837719,85,51,490.713955,5.773105,9.621842
2022,43948,Germany,no,2,1.25,3,0.616049383,27,0,561.585185,20.799451,
2022,43960,Netherlands,yes,2,1.25,11,0.551515152,51,20,504.2875,9.88799,25.214375
2022,43962,Poland,yes,2,1.25,6,0.803240741,47,9,1248.741667,26.568972,138.749074
2022,43963,Portugal,yes,2,1.25,6,0.7,65,24,1267.151111,19.494632,52.797963
2022,43969,Spain,yes,2,1.25,2,0.851282051,45,14,374.164102,8.314758,26.726007
2022,43971,Switzerland,yes,2,1.25,8,0.64224537,49,12,1368.594444,27.930499,114.049537
2022,43974,Wales,no,2,1.25,6,0.900617284,33,0,1550.607407,46.988103,
2022,43976,Australia,yes,2,1.25,5,0.849444444,34,7,1363.597222,40.105801,194.799603
2026,1895293,Curaçao,no,2,1.25,5,0.706666667,32,0,457.581482,14.299421,
2026,20014,Congo DR,yes,2,1.25,5,0.627777778,44,12,512.65,11.651136,42.720833
2026,43817,IR Iran,no,2,1.25,5,0.763703704,35,0,299.077778,8.545079,
2026,43818,Iraq,no,2,1.25,4,0.674218001,27,0,313.252274,11.601936,
2026,43819,Japan,yes,2,1.25,4,0.60625,55,13,430.008333,7.818333,33.077564
2026,43820,Jordan,no,2,1.25,4,0.661111111,31,0,174.711111,5.635842,
2026,43822,Korea Republic,no,2,1.25,4,0.717592592,25,0,450.37037,18.014815,
2026,43834,Qatar,no,2,1.25,5,0.805941686,36,0,906.011032,25.166973,
2026,43835,Saudi Arabia,no,2,1.25,6,0.880864197,29,0,540.633333,18.642529,
2026,43843,Algeria,yes,2,1.25,3,0.55462963,29,12,346.333333,11.942529,28.861111
2026,43850,Cabo Verde,yes,2,1.25,4,0.782512127,27,12,644.634158,23.875339,53.719513
2026,43854,Côte d'Ivoire,yes,2,1.25,4,0.661111111,29,6,499.15,17.212069,83.191667
2026,43855,Egypt,yes,2,1.25,8,0.742788628,59,25,1235.651376,20.943244,49.426055
2026,43860,Ghana,yes,2,1.25,5,0.358888889,56,10,505.594444,9.028472,50.559444
2026,43872,Morocco,yes,2,1.25,5,0.746666667,74,42,740.468421,10.00633,17.630201
2026,43879,Senegal,yes,2,1.25,3,0.464102564,36,12,145.264103,4.035114,12.105342
2026,43883,South Africa,yes,2,1.25,6,0.700727513,38,10,810.099603,21.318411,81.00996
2026,43888,Tunisia,no,2,1.25,1,0.559259259,27,0,120.8,4.474074,
2026,43899,Canada,yes,2,1.25,9,0.654074074,72,40,1145.775556,15.913549,28.644389
2026,43908,Haiti,no,2,1.25,7,0.678306878,55,0,502.651852,9.139125,
2026,43911,Mexico,yes,2,1.25,5,0.683888889,58,24,387.944167,6.688693,16.16434
2026,43914,Panama,no,2,1.25,5,0.832592593,46,0,449.533334,9.772464,
2026,43921,USA,yes,2,1.25,7,0.75377059,56,18,712.489476,12.723026,39.582749
2026,43922,Argentina,yes,2,1.25,6,0.357383714,73,40,153.590347,2.103977,3.839759
2026,43924,Brazil,yes,2,1.25,6,0.519876543,51,11,788.235556,15.455599,71.657778
2026,43926,Colombia,yes,2,1.25,8,0.80234375,70,35,877.041667,12.529167,25.058333
2026,43927,Ecuador,yes,2,1.25,7,0.562698413,49,14,460.838889,9.404875,32.917064
2026,43928,Paraguay,yes,2,1.25,7,0.768985645,66,25,1545.762698,23.420647,61.830508
2026,43930,Uruguay,no,2,1.25,6,0.816666667,31,0,346.333333,11.172043,
2026,43934,Austria,yes,2,1.25,4,0.829861111,47,15,629.947222,13.403132,41.996481
2026,43935,Belgium,yes,2,1.25,7,0.64085213,78,49,773.803509,9.920558,15.791908
2026,43938,Croatia,yes,2,1.25,3,0.89537037,45,12,460.969444,10.243765,38.41412
2026,43942,England,yes,2,1.25,6,0.590446076,62,25,697.647899,11.252385,27.905916
2026,43946,France,yes,2,1.25,4,0.639351852,59,35,235.927778,3.998776,6.740794
2026,43948,Germany,yes,2,1.25,3,0.769230769,51,18,337.458974,6.616843,18.747721
2026,43960,Netherlands,yes,2,1.25,3,0.487179487,44,18,282.805128,6.427389,15.711396
2026,43961,Norway,yes,2,1.25,3,0.72748538,58,23,190.596491,3.286146,8.286804
2026,43963,Portugal,yes,2,1.25,5,0.497333333,44,15,563.648889,12.810202,37.576593
2026,43967,Scotland,no,2,1.25,5,0.418518519,42,0,260.907407,6.212081,
2026,43969,Spain,yes,2,1.25,5,0.758148148,68,34,251.892593,3.704303,7.408606
2026,43970,Sweden,yes,2,1.25,5,0.887092482,43,10,339.039837,7.884647,33.903984
2026,43971,Switzerland,yes,2,1.25,5,0.743574029,87,50,672.510232,7.730003,13.450205
2026,43972,Türkiye,no,2,1.25,2,0.364814815,31,0,103.974074,3.354002,
2026,43976,Australia,yes,2,1.25,5,0.892136752,46,12,507.425641,11.030992,42.28547
2026,43978,New Zealand,no,2,1.25,4,0.838888889,32,0,288.925926,9.028935,
2026,43995,Czechia,no,2,1.25,1,1,37,0,105,2.837838,
2026,44005,Uzbekistan,no,2,1.25,3,0.650617284,45,0,359.007407,7.977942,
2026,44037,Bosnia and Herzegovina,yes,2,1.25,8,0.629689122,59,13,824.261267,13.97053,63.404713
